"client124.95.36.35.ovpn","admin","Eagles4573",,,,,,"AA86F205D8A53A1CACC0212D4F1E7D8DA.asuscomm.com","24.95.36.35"
"client124.96.192.68.ovpn","admin","F!Fa2014",,,,,,"A9A663968EEAFEC8B884A42B8348B1A2B.asuscomm.com","24.96.192.68"
"client124.98.40.143.ovpn","admin","Siren!098",,,,,,"weesh.asuscomm.com","24.98.40.143"
"ovpn_71.195.235.37.ovpn","50thvette","T1m3l1n3","http_port",3889,"https_port",7474,"dydns","A6322D959612F638DDE3F944BADCA0375.asuscomm.com","71.195.235.37"
"ovpn_109.173.130.42.ovpn","admin","~2much4u?","http_port",7846,"https_port",7925,"dydns","Erwin37.ddns.net","109.173.130.42"
"ovpn_97.103.2.42.ovpn","admin","$tick1t2","http_port",5792,"https_port",5740,"dydns","A31CF70761EC58EBBFA5AE8AF498A5E64.asuscomm.com","97.103.2.42"
"ovpn_188.25.134.244.ovpn","admin","0","http_port",7532,"https_port",6894,"dydns","A5D16D53779E3169BCEFBCE70025D667F.asuscomm.com","188.25.134.244"


US,Texas,"Dallas County",Richardson,75082,32.9483,-96.7299,4722625,-5,America/Chicago,"AT&T Internet Services",,"AT&T Internet Services"
US,Ohio,"Lucas County",Toledo,43620,41.6639,-83.5552,5174035,-4,America/New_York,"AT&T Internet Services",,"AT&T Internet Services"
US,Texas,"Dallas County",Richardson,75082,32.9483,-96.7299,4722625,-5,America/Chicago,"AT&T Internet Services",,"AT&T Internet Services"
US,Illinois,"Cook County",Chicago,60666,41.8781,-87.6298,4887398,-5,America/Chicago,"AT&T Internet Services",,"AT&T Internet Services"
US,Texas,"Dallas County",Richardson,75082,32.9483,-96.7299,4722625,-5,America/Chicago,"AT&T Internet Services",,"AT&T Internet Services"
US,Indiana,"Marion County",Indianapolis,46255,39.7684,-86.1581,4259418,-4,America/Indiana/Indianapolis,"AT&T Internet Services",,"AT&T Internet Services"